# instance,rnd-n6-s2
# n,v_knots,F_per_h,c_per_tonmile,w_tons,PR_tons_h,S_h,P,Qmax_tons
6,12.5000,500.0000,0.003200,1500.00,150.00,1.00,1.0000,3118.32
# plant,CAP_tons,I0_tons,CR_tons_h,deadline_h
1,2163.06,1474.47,5.2585,280.40
2,1653.68,1178.06,2.7619,426.53
3,1385.37,992.55,3.3799,293.66
4,2342.88,1477.51,5.2562,281.10
5,2598.60,1879.64,5.8196,322.98
6,1818.09,1396.06,4.0445,345.18
# distance matrix (nm), rows/cols 0..n+1
0.00,1093.31,1224.15,1180.91,488.48,1147.52,1031.76,0.00
1093.31,0.00,172.40,126.03,1024.70,57.02,488.89,0.00
1224.15,172.40,0.00,216.33,1094.81,153.97,448.56,0.00
1180.91,126.03,216.33,0.00,1142.94,81.55,607.60,0.00
488.48,1024.70,1094.81,1142.94,0.00,1081.15,746.39,0.00
1147.52,57.02,153.97,81.55,1081.15,0.00,526.16,0.00
1031.76,488.89,448.56,607.60,746.39,526.16,0.00,0.00
0.00,0.00,0.00,0.00,0.00,0.00,0.00,0.00
