n,seed,vars,constrs,milp_time_s,milp_obj,milp_bound,milp_gap,heur_time_s,heur_cost,heur_gap_vs_bound
2,1,18,23,0.01,50250.06,50250.06,0.0000,0.0008,50250.06,0.0000
2,2,18,23,0.00,70821.51,70821.51,0.0000,0.0000,70821.51,0.0000
2,3,18,23,0.00,54214.04,54214.04,0.0000,0.0000,54214.04,0.0000
2,4,18,23,0.00,57908.62,57908.62,0.0000,0.0000,57908.62,0.0000
2,5,18,23,0.00,38249.99,38249.99,0.0000,0.0000,38249.99,0.0000
2,6,18,23,0.00,40882.55,40882.55,0.0000,0.0000,40882.55,0.0000
2,7,18,23,0.00,69541.39,69541.39,0.0000,0.0000,69541.39,0.0000
2,8,18,23,0.00,64439.18,64439.18,0.0000,0.0000,64439.18,0.0000
2,9,18,23,0.00,54490.81,54490.81,0.0000,0.0000,54490.81,0.0000
2,10,18,23,0.00,43283.07,43283.07,0.0000,0.0000,43283.07,0.0000
3,1,32,39,0.01,55303.31,55303.31,0.0000,0.0000,55303.31,0.0000
3,2,32,39,0.01,88121.23,88121.23,0.0000,0.0000,199423.77,1.2631
3,3,32,39,0.01,69203.72,69203.72,0.0000,0.0000,69203.72,0.0000
3,4,32,39,0.01,117293.76,117293.76,0.0000,0.0000,190754.78,0.6263
3,5,32,39,0.00,63410.71,63410.71,0.0000,0.0000,63410.71,0.0000
3,6,32,39,0.00,62944.88,62944.88,0.0000,0.0000,62944.88,0.0000
3,7,32,39,0.01,73551.10,73551.10,0.0000,0.0000,73551.10,0.0000
3,8,32,39,0.00,67665.63,67665.63,0.0000,0.0000,67665.63,0.0000
3,9,32,39,0.01,60382.31,60382.31,0.0000,0.0000,60382.31,0.0000
3,10,32,39,0.01,59967.79,59967.79,0.0000,0.0000,59967.79,0.0000
4,1,50,59,0.01,92544.73,92544.73,0.0000,0.0000,92544.73,0.0000
4,2,50,59,0.01,126085.63,126085.63,0.0000,0.0000,226394.48,0.7956
4,3,50,59,0.01,77468.12,77468.12,0.0000,0.0000,166694.24,1.1518
4,4,50,59,0.01,108551.84,108551.84,0.0000,0.0000,197218.89,0.8168
4,5,50,59,0.01,62594.94,62594.94,0.0000,0.0000,62594.94,0.0000
4,6,50,59,0.01,80663.78,80663.78,0.0000,0.0000,162642.23,1.0163
4,7,50,59,0.01,80866.59,80866.59,0.0000,0.0000,80866.59,0.0000
4,8,50,59,0.01,89908.76,89908.76,0.0000,0.0000,174932.40,0.9457
4,9,50,59,0.01,67971.66,67971.66,0.0000,0.0000,135222.03,0.9894
4,10,50,59,0.01,97707.27,97707.27,0.0000,0.0000,97707.27,0.0000
5,1,72,83,0.04,90949.46,90949.46,0.0000,0.0001,192023.52,1.1113
5,2,72,83,0.05,112684.30,112684.30,0.0000,0.0000,112684.30,0.0000
5,3,72,83,0.05,100038.56,100038.56,0.0000,0.0000,270723.69,1.7062
5,4,72,83,0.06,155012.64,155012.64,0.0000,0.0000,732081.92,3.7227
5,5,72,83,0.03,84517.59,84517.59,0.0000,0.0000,170354.60,1.0156
5,6,72,83,0.05,101699.68,101699.68,0.0000,0.0000,196723.93,0.9344
5,7,72,83,0.04,104517.63,104517.63,0.0000,0.0000,672626.54,5.4355
5,8,72,83,0.04,117114.18,117114.18,0.0000,0.0000,1464796.35,11.5074
5,9,72,83,0.04,75829.54,75829.54,0.0000,0.0000,160069.81,1.1109
5,10,72,83,0.05,130943.58,130943.58,0.0000,0.0000,170868.94,0.3049
6,1,98,111,0.13,116421.94,116421.94,0.0000,0.0000,530294.32,3.5549
6,2,98,111,0.20,153877.38,153877.38,0.0000,0.0000,1756653.91,10.4159
6,3,98,111,0.13,110672.41,110672.41,0.0000,0.0000,201206.23,0.8180
6,4,98,111,0.16,145817.92,145817.92,0.0000,0.0000,700699.41,3.8053
6,5,98,111,0.08,92352.05,92352.05,0.0000,0.0000,187059.94,1.0255
6,6,98,111,0.10,106408.87,106408.87,0.0000,0.0000,556395.21,4.2288
6,7,98,111,0.09,112755.20,112755.20,0.0000,0.0000,593382.38,4.2626
6,8,98,111,0.26,98007.25,98007.25,0.0000,0.0000,372167.94,2.7974
6,9,98,111,0.20,105887.80,105887.80,0.0000,0.0000,172339.78,0.6276
6,10,98,111,0.18,142275.12,142275.12,0.0000,0.0000,215101.23,0.5119
8,1,162,179,1.12,125561.13,125561.13,0.0000,0.0000,802631.81,5.3924
8,2,162,179,1.79,153003.75,153003.75,0.0000,0.0000,734253.08,3.7989
8,3,162,179,0.98,150527.80,150527.80,0.0000,0.0000,1156143.66,6.6806
8,4,162,179,1.97,179448.14,179448.14,0.0000,0.0000,1128076.56,5.2864
8,5,162,179,1.75,120079.34,120079.34,0.0000,0.0000,647111.71,4.3890
8,6,162,179,1.88,121795.87,121795.87,0.0000,0.0000,888647.13,6.2962
8,7,162,179,2.10,144593.45,144593.45,0.0000,0.0000,2033130.89,13.0610
8,8,162,179,2.59,149073.31,149073.31,0.0000,0.0000,3330077.19,21.3385
8,9,162,179,2.71,133946.17,133946.17,0.0000,0.0000,166520.89,0.2432
8,10,162,179,3.30,196613.96,196613.96,0.0000,0.0000,3798863.44,18.3214
10,1,242,263,100.41,166111.54,166111.54,0.0000,0.0000,995322.54,4.9919
10,2,242,263,83.08,199896.92,199896.92,0.0000,0.0000,1871971.71,8.3647
10,3,242,263,118.36,192024.83,192024.83,0.0000,0.0000,1689369.97,7.7977
10,4,242,263,92.58,228819.03,228819.03,0.0000,0.0000,5063032.01,21.1268
10,5,242,263,71.31,148296.79,148296.79,0.0000,0.0000,1930998.14,12.0212
10,6,242,263,54.74,156358.63,156358.63,0.0000,0.0000,1528589.16,8.7762
10,7,242,263,167.03,161303.78,161303.78,0.0000,0.0000,2311405.74,13.3295
10,8,242,263,301.80,149109.19,149109.19,0.0000,0.0000,1176222.35,6.8883
10,9,242,263,213.86,197631.89,197631.89,0.0000,0.0000,2351114.74,10.8964
10,10,242,263,50.92,185631.95,185631.95,0.0000,0.0000,1750825.74,8.4317
15,1,512,543,1809.21,293014.10,88194.16,0.6990,0.0001,6795583.44,76.0525
15,2,512,543,1806.66,266438.36,80919.20,0.6963,0.0000,4304799.18,52.1987
15,3,512,543,1808.03,234951.77,70801.89,0.6987,0.0000,4381030.95,60.8773
15,4,512,543,1806.31,306190.97,119132.37,0.6109,0.0000,12699570.08,105.6005
15,5,512,543,1807.01,295656.14,84681.04,0.7136,0.0001,8177147.35,95.5641
15,6,512,543,1806.51,237735.65,88448.64,0.6280,0.0001,4430466.92,49.0908
15,7,512,543,1808.89,265599.90,108627.32,0.5910,0.0000,9867270.11,89.8360
15,8,512,543,1808.73,198385.88,110884.93,0.4411,0.0000,6249218.41,55.3577
15,9,512,543,1808.09,269952.16,84608.23,0.6866,0.0000,2646965.50,30.2850
15,10,512,543,1807.27,272567.44,105527.47,0.6128,0.0000,6577449.77,61.3293
20,1,882,923,1805.55,403158.11,75573.98,0.8125,0.0000,5650092.06,73.7624
20,2,882,923,1805.55,948756.26,114720.23,0.8791,0.0001,24120865.37,209.2582
20,3,882,923,1806.44,510465.71,91754.42,0.8203,0.0001,16310747.71,176.7653
20,4,882,923,1805.49,755106.41,99398.49,0.8684,0.0001,19974628.61,199.9551
20,5,882,923,1804.96,453165.53,91819.90,0.7974,0.0000,19736352.11,213.9463
20,6,882,923,1804.18,391089.41,93231.45,0.7616,0.0000,13108895.14,139.6059
20,7,882,923,1804.30,367011.82,92021.51,0.7493,0.0000,11084317.49,119.4536
20,8,882,923,1805.61,282477.02,102967.56,0.6355,0.0000,9943819.00,95.5723
20,9,882,923,1804.76,740875.66,108605.17,0.8534,0.0000,18343550.66,167.9013
20,10,882,923,1806.09,511713.45,103222.28,0.7983,0.0000,21911383.43,211.2738
30,1,1922,1983,1805.06,2453880.84,102001.40,0.9584,0.0000,31119363.75,304.0876
30,2,1922,1983,1805.68,3170940.99,115916.55,0.9634,0.0001,43854999.70,377.3325
30,3,1922,1983,1804.77,2003987.22,97905.82,0.9511,0.0000,38084533.44,387.9915
30,4,1922,1983,1806.54,2683624.22,110497.76,0.9588,0.0001,50910981.44,459.7422
30,5,1922,1983,1804.18,2988616.56,111457.88,0.9627,0.0000,41274800.14,369.3175
30,6,1922,1983,1804.76,1693885.86,100224.77,0.9408,0.0000,31657581.65,314.8658
30,7,1922,1983,1804.21,2099144.42,103352.25,0.9508,0.0001,41993865.35,405.3179
30,8,1922,1983,1804.07,1855365.55,100703.12,0.9457,0.0000,35280420.48,349.3409
30,9,1922,1983,1805.60,2260178.74,101270.78,0.9552,0.0000,25962332.16,255.3655
30,10,1922,1983,1804.18,2073290.84,114425.85,0.9448,0.0001,46134591.26,402.1833
